{"R": [[0.99422099348809, -0.07139582338676424, 0.08017015505963133], [0.06870184968724441, 0.996991936265214, 0.03587667938222674], [-0.08249044313683046, -0.030161509857263083, 0.996135337876347]], "c": [0.0025497186150332286, -0.06468498362014512, -0.07859817566148414]}