{"R": [[0.9999411692031156, 0.0032671659945663067, -0.010342930453931585], [-0.0030484549523694714, 0.99977289722368, 0.02109154690100056], [0.010409491169807052, -0.02105877619040767, 0.9997240433690956]], "c": [-0.01395967904413215, 0.04670727213417, -0.1295288268562237]}