{"R": [[0.9996932590386024, 0.022687514501863397, 0.009934106515948844], [-0.0223228139668123, 0.9991238806460158, -0.035400353857181106], [-0.0107285489767055, 0.035167737520891036, 0.9993238466224452]], "c": [0.001550904942020225, 0.020381817249467388, -0.08285364513274802]}