{"R": [[0.9985484985859052, -0.037203356927245065, 0.03894609735976469], [0.03582138668639963, 0.9987239077929366, 0.03560023248585015], [-0.04022084685925572, -0.03415345561619131, 0.9986069383104523]], "c": [0.01462635113022777, -0.04595173659137329, -0.009840119447183908]}